{"cameraMode":{"drawMode":0,"name":"Shaded","section":"Shading Mode"},"sceneLighting":true,"audioPlay":false,"sceneViewState":{"m_AlwaysRefresh":false,"showFog":true,"showSkybox":true,"showFlares":true,"showImageEffects":true,"showParticleSystems":true,"showVisualEffectGraphs":true,"m_FxEnabled":true},"in2DMode":false,"pivot":{"x":8.994606018066407,"y":31.987468719482423,"z":-94.76516723632813},"rotation":{"x":0.06473236531019211,"y":-0.031432729214429858,"z":0.002040615538135171,"w":0.9974104166030884},"size":25.87725257873535,"orthographic":false}